{
  "friendly_name": "Ububtu VM",
  "image_src": "blob:https://doctorfree.github.io/02182b8e-35e4-4726-abda-d0e2d36a3a21",
  "description": "An Ubuntu Desktop on the web!",
  "name": "doctorwhen/kasm:ubuntu-jammy",
  "cores": 2,
  "memory": 4096,
  "gpu_count": 0,
  "cpu_allocation_method": "Inherit",
  "docker_registry": "https://index.docker.io/v1/",
  "categories": [
    "Desktop",
    "Productivity"
  ],
  "require_gpu": false,
  "enabled": true,
  "image_type": "Container",
  "run_config": {
    "hostname": "kasm-jammy"
  },
  "exec_config": {
    "first_launch": {
      "user": "root",
      "cmd": "bash -c 'echo \"kasm-user  ALL=(ALL) NOPASSWD: ALL\" >> /etc/sudoers'"
    }
  },
  "architecture": [
    "amd64"
  ],
  "compatibility": [
    "1.15.x",
    "1.14.x"
  ],
  "uncompressed_size_mb": 10600
}